Name,Gender,Count,CountNorm
Jacob,M,19045,19
Mason,M,18953,19
Ethan,M,17644,18
Noah,M,17323,17
William,M,16856,17
Liam,M,16785,17
Michael,M,16124,16
Jayden,M,16099,16
Alexander,M,15219,15
Aiden,M,14873,15
Daniel,M,14251,14
Matthew,M,13952,14
Elijah,M,13833,14
James,M,13393,13
Anthony,M,13173,13
Benjamin,M,12807,13
Joshua,M,12632,13
Andrew,M,12599,13
Joseph,M,12524,13
David,M,12507,13
Jackson,M,12468,12
Logan,M,12455,12
Christopher,M,11873,12
Gabriel,M,11538,12
Samuel,M,11433,11
Ryan,M,10931,11
Lucas,M,10692,11
John,M,10607,11
Nathan,M,10406,10
Isaac,M,10032,10
Dylan,M,9979,10
Caleb,M,9943,10
Christian,M,9603,10
Jonathan,M,9343,9
Landon,M,9335,9
Carter,M,9246,9
Luke,M,8998,9
Owen,M,8684,9
Brayden,M,8492,8
Gavin,M,8247,8
Wyatt,M,8207,8
Isaiah,M,8136,8
Henry,M,8061,8
Eli,M,8051,8
Hunter,M,8015,8
Jack,M,7927,8
Evan,M,7890,8
Jordan,M,7791,8
Nicholas,M,7726,8
Tyler,M,7687,8
Aaron,M,7519,8
Jeremiah,M,7458,7
Julian,M,7364,7
Cameron,M,7350,7
Levi,M,7211,7
Brandon,M,7023,7
Angel,M,7013,7
Austin,M,6988,7
Connor,M,6970,7
Adrian,M,6932,7
Robert,M,6929,7
Charles,M,6925,7
Thomas,M,6830,7
Sebastian,M,6726,7
Colton,M,6347,6
Jaxon,M,6298,6
Zachary,M,6248,6
Ayden,M,6217,6
Kevin,M,6215,6
Dominic,M,6174,6
Blake,M,6029,6
Jose,M,6028,6
Oliver,M,5913,6
Justin,M,5877,6
Bentley,M,5861,6
Jason,M,5734,6
Chase,M,5682,6
Ian,M,5681,6
Josiah,M,5502,6
Xavier,M,5356,5
Parker,M,5353,5
Adam,M,5307,5
Cooper,M,5191,5
Nathaniel,M,4771,5
Jace,M,4711,5
Grayson,M,4706,5
Carson,M,4590,5
Nolan,M,4424,4
Tristan,M,4417,4
Luis,M,4364,4
Brody,M,4356,4
Juan,M,4279,4
Hudson,M,4216,4
Bryson,M,4025,4
Carlos,M,4002,4
Easton,M,3938,4
Kayden,M,3858,4
Damian,M,3852,4
Alex,M,3849,4
Ryder,M,3807,4
Jesus,M,3779,4
Cole,M,3775,4
Micah,M,3756,4
Vincent,M,3725,4
Max,M,3691,4
Jaxson,M,3653,4
Eric,M,3623,4
Asher,M,3554,4
Hayden,M,3532,4
Diego,M,3334,3
Miles,M,3262,3
Steven,M,3233,3
Ivan,M,3226,3
Maxwell,M,3225,3
Elias,M,3219,3
Aidan,M,3213,3
Bryce,M,3177,3
Antonio,M,3109,3
Timothy,M,3104,3
Giovanni,M,3085,3
Bryan,M,3076,3
Santiago,M,3046,3
Colin,M,3021,3
Richard,M,3014,3
Braxton,M,3000,3
Kaleb,M,2986,3
Kyle,M,2960,3
Jonah,M,2943,3
Kaden,M,2941,3
Miguel,M,2937,3
Preston,M,2934,3
Lincoln,M,2904,3
Riley,M,2876,3
Leo,M,2871,3
Victor,M,2864,3
Brady,M,2857,3
Mateo,M,2835,3
Jeremy,M,2833,3
Jaden,M,2821,3
Brian,M,2811,3
Patrick,M,2808,3
Ashton,M,2806,3
Declan,M,2780,3
Joel,M,2770,3
Sean,M,2770,3
Gael,M,2743,3
Sawyer,M,2735,3
Alejandro,M,2724,3
Marcus,M,2712,3
Jesse,M,2692,3
Caden,M,2687,3
Leonardo,M,2682,3
Jake,M,2673,3
Kaiden,M,2660,3
Wesley,M,2641,3
Camden,M,2595,3
Edward,M,2589,3
Brantley,M,2576,3
Roman,M,2569,3
Silas,M,2491,2
Jude,M,2480,2
Axel,M,2474,2
Grant,M,2467,2
Cayden,M,2371,2
Emmanuel,M,2342,2
George,M,2333,2
Maddox,M,2309,2
Malachi,M,2307,2
Bradley,M,2289,2
Alan,M,2282,2
Weston,M,2282,2
Gage,M,2266,2
Greyson,M,2235,2
Devin,M,2234,2
Kenneth,M,2213,2
Mark,M,2199,2
Oscar,M,2192,2
Tanner,M,2178,2
Rylan,M,2169,2
Nicolas,M,2129,2
Harrison,M,2122,2
Derek,M,2113,2
Ezra,M,2083,2
Peyton,M,2074,2
Tucker,M,2039,2
Emmett,M,2023,2
Avery,M,2011,2
Cody,M,2004,2
Calvin,M,1963,2
Abraham,M,1950,2
Paul,M,1947,2
Abel,M,1944,2
Andres,M,1944,2
Theodore,M,1941,2
Jorge,M,1939,2
Kai,M,1936,2
Collin,M,1931,2
Ezekiel,M,1930,2
Omar,M,1917,2
Jayce,M,1908,2
Bennett,M,1907,2
Conner,M,1899,2
Trevor,M,1874,2
Peter,M,1861,2
Eduardo,M,1857,2
Maximus,M,1843,2
Jaiden,M,1822,2
Jameson,M,1817,2
Seth,M,1810,2
Kingston,M,1772,2
Javier,M,1770,2
Travis,M,1751,2
Garrett,M,1741,2
Everett,M,1736,2
Graham,M,1715,2
Xander,M,1711,2
Cristian,M,1670,2
Damien,M,1660,2
Griffin,M,1651,2
Ryker,M,1648,2
Corbin,M,1617,2
Luca,M,1615,2
Myles,M,1615,2
Zane,M,1588,2
Francisco,M,1566,2
Ricardo,M,1564,2
Stephen,M,1561,2
Alexis,M,1560,2
Zayden,M,1554,2
Iker,M,1542,2
Drake,M,1541,2
Lukas,M,1539,2
Spencer,M,1532,2
Charlie,M,1530,2
Zion,M,1528,2
Erick,M,1519,2
Josue,M,1513,2
Chance,M,1508,2
Trenton,M,1505,2
Jeffrey,M,1504,2
Elliot,M,1497,1
Paxton,M,1495,1
Fernando,M,1481,1
Shane,M,1471,1
Landen,M,1470,1
Keegan,M,1468,1
Amir,M,1464,1
Manuel,M,1462,1
Zander,M,1462,1
Andre,M,1455,1
Raymond,M,1454,1
Israel,M,1446,1
Mario,M,1442,1
Simon,M,1442,1
Cesar,M,1434,1
Jaylen,M,1430,1
King,M,1430,1
Johnathan,M,1401,1
Troy,M,1385,1
Dean,M,1376,1
Clayton,M,1362,1
Dominick,M,1360,1
Jasper,M,1347,1
Martin,M,1347,1
Tyson,M,1347,1
Kyler,M,1327,1
Hector,M,1323,1
Edgar,M,1316,1
Cash,M,1314,1
Marco,M,1304,1
Edwin,M,1303,1
Judah,M,1295,1
Shawn,M,1294,1
Donovan,M,1270,1
Andy,M,1268,1
Kameron,M,1267,1
Elliott,M,1262,1
Dante,M,1250,1
Braylon,M,1248,1
Anderson,M,1247,1
Drew,M,1235,1
Sergio,M,1233,1
Johnny,M,1232,1
Cruz,M,1229,1
Dalton,M,1228,1
Rafael,M,1228,1
Gregory,M,1226,1
Skyler,M,1225,1
Lane,M,1223,1
Erik,M,1215,1
Finn,M,1214,1
Reid,M,1204,1
Gunner,M,1199,1
Jared,M,1198,1
Caiden,M,1190,1
Holden,M,1176,1
Emilio,M,1170,1
Fabian,M,1160,1
Aden,M,1151,1
Brendan,M,1147,1
Rowan,M,1146,1
Emiliano,M,1137,1
Braden,M,1134,1
Jase,M,1125,1
Jax,M,1121,1
Emanuel,M,1093,1
Lorenzo,M,1087,1
Roberto,M,1073,1
Amari,M,1072,1
Beau,M,1066,1
Angelo,M,1063,1
Louis,M,1056,1
Derrick,M,1051,1
Beckett,M,1041,1
Felix,M,1038,1
Dawson,M,1034,1
Pedro,M,1016,1
Brennan,M,1010,1
Sophia,F,22279,22
Emma,F,20914,21
Isabella,F,19082,19
Olivia,F,17296,17
Ava,F,15518,16
Emily,F,13631,14
Abigail,F,12679,13
Mia,F,12004,12
Madison,F,11380,11
Elizabeth,F,9685,10
Chloe,F,9647,10
Ella,F,9185,9
Avery,F,8313,8
Addison,F,8170,8
Aubrey,F,8039,8
Lily,F,7950,8
Natalie,F,7887,8
Sofia,F,7823,8
Charlotte,F,7471,7
Zoey,F,7457,7
Grace,F,7365,7
Hannah,F,7269,7
Amelia,F,7238,7
Harper,F,7184,7
Lillian,F,7150,7
Samantha,F,6916,7
Evelyn,F,6870,7
Victoria,F,6853,7
Brooklyn,F,6776,7
Zoe,F,6445,6
Layla,F,6255,6
Hailey,F,5902,6
Leah,F,5762,6
Kaylee,F,5607,6
Anna,F,5604,6
Aaliyah,F,5499,5
Gabriella,F,5487,5
Allison,F,5417,5
Nevaeh,F,5368,5
Alexis,F,5341,5
Audrey,F,5294,5
Savannah,F,5183,5
Sarah,F,5174,5
Alyssa,F,5080,5
Claire,F,4943,5
Taylor,F,4858,5
Riley,F,4820,5
Camila,F,4789,5
Arianna,F,4709,5
Ashley,F,4696,5
Brianna,F,4631,5
Sophie,F,4568,5
Peyton,F,4464,4
Bella,F,4337,4
Khloe,F,4305,4
Genesis,F,4295,4
Alexa,F,4290,4
Serenity,F,4217,4
Kylie,F,4166,4
Aubree,F,4043,4
Scarlett,F,4041,4
Stella,F,3996,4
Maya,F,3964,4
Katherine,F,3946,4
Julia,F,3874,4
Lucy,F,3806,4
Madelyn,F,3792,4
Autumn,F,3768,4
Makayla,F,3762,4
Kayla,F,3760,4
Mackenzie,F,3753,4
Lauren,F,3655,4
Gianna,F,3617,4
Ariana,F,3576,4
Faith,F,3527,4
Alexandra,F,3479,3
Melanie,F,3463,3
Sydney,F,3450,3
Naomi,F,3415,3
Caroline,F,3413,3
Bailey,F,3401,3
Morgan,F,3396,3
Ellie,F,3383,3
Kennedy,F,3381,3
Jasmine,F,3371,3
Eva,F,3356,3
Skylar,F,3340,3
Kimberly,F,3311,3
Violet,F,3272,3
Molly,F,3254,3
Trinity,F,3230,3
Aria,F,3227,3
Jocelyn,F,3225,3
London,F,3196,3
Lydia,F,3163,3
Madeline,F,3158,3
Reagan,F,3085,3
Piper,F,3060,3
Annabelle,F,3050,3
Andrea,F,3042,3
Maria,F,3029,3
Brooke,F,2969,3
Payton,F,2934,3
Paisley,F,2917,3
Ruby,F,2910,3
Paige,F,2906,3
Nora,F,2886,3
Mariah,F,2878,3
Rylee,F,2793,3
Lilly,F,2780,3
Brielle,F,2764,3
Jade,F,2733,3
Destiny,F,2705,3
Nicole,F,2651,3
Mila,F,2639,3
Kendall,F,2623,3
Liliana,F,2618,3
Kaitlyn,F,2596,3
Sadie,F,2587,3
Natalia,F,2585,3
Mary,F,2566,3
Jordyn,F,2563,3
Vanessa,F,2550,3
Mya,F,2535,3
Penelope,F,2530,3
Alice,F,2499,2
Isabelle,F,2498,2
Reese,F,2459,2
Hadley,F,2417,2
Gabrielle,F,2416,2
Katelyn,F,2412,2
Rachel,F,2409,2
Angelina,F,2396,2
Isabel,F,2380,2
Eleanor,F,2375,2
Clara,F,2332,2
Jessica,F,2327,2
Brooklynn,F,2320,2
Elena,F,2270,2
Vivian,F,2258,2
Sara,F,2252,2
Aliyah,F,2251,2
Laila,F,2246,2
Eliana,F,2245,2
Amy,F,2233,2
Lyla,F,2222,2
Juliana,F,2215,2
Adriana,F,2147,2
Valeria,F,2141,2
Elise,F,2121,2
Makenzie,F,2121,2
Mckenzie,F,2114,2
Quinn,F,2106,2
Delilah,F,2088,2
Cora,F,2079,2
Kylee,F,2048,2
Rebecca,F,2008,2
Gracie,F,1997,2
Izabella,F,1965,2
Josephine,F,1948,2
Eden,F,1934,2
Alaina,F,1930,2
Michelle,F,1926,2
Jennifer,F,1922,2
Catherine,F,1905,2
Aurora,F,1902,2
Valentina,F,1901,2
Stephanie,F,1882,2
Valerie,F,1862,2
Jayla,F,1840,2
Willow,F,1821,2
Hazel,F,1784,2
Daisy,F,1781,2
Melody,F,1781,2
Alana,F,1777,2
Margaret,F,1773,2
Summer,F,1772,2
Melissa,F,1770,2
Kinsley,F,1750,2
Kinley,F,1747,2
Ariel,F,1731,2
Lila,F,1726,2
Giselle,F,1709,2
Ryleigh,F,1709,2
Haley,F,1708,2
Ivy,F,1692,2
Julianna,F,1692,2
Alivia,F,1689,2
Brynn,F,1655,2
Keira,F,1648,2
Kate,F,1642,2
Aniyah,F,1638,2
Angela,F,1636,2
Daniela,F,1636,2
Londyn,F,1619,2
Harmony,F,1615,2
Hayden,F,1612,2
Adalyn,F,1608,2
Megan,F,1558,2
Allie,F,1545,2
Gabriela,F,1544,2
Alayna,F,1540,2
Presley,F,1535,2
Jenna,F,1521,2
Alexandria,F,1516,2
Ashlyn,F,1510,2
Jada,F,1509,2
Adrianna,F,1503,2
Fiona,F,1502,2
Norah,F,1501,2
Emery,F,1483,1
Amaya,F,1474,1
Miranda,F,1470,1
Maci,F,1469,1
Ximena,F,1462,1
Cecilia,F,1461,1
Ana,F,1454,1
Hope,F,1447,1
Shelby,F,1444,1
Katie,F,1442,1
Jordan,F,1420,1
Callie,F,1415,1
Luna,F,1412,1
Eliza,F,1411,1
Leilani,F,1408,1
Mckenna,F,1397,1
Angel,F,1396,1
Genevieve,F,1388,1
Isla,F,1385,1
Makenna,F,1384,1
Lola,F,1378,1
Danielle,F,1371,1
Leila,F,1362,1
Tessa,F,1359,1
Chelsea,F,1356,1
Adelyn,F,1348,1
Adeline,F,1342,1
Camille,F,1339,1
Mikayla,F,1337,1
Esther,F,1334,1
Adalynn,F,1330,1
Sienna,F,1324,1
Jacqueline,F,1319,1
Arabella,F,1312,1
Emerson,F,1311,1
Athena,F,1304,1
Lucia,F,1303,1
Maggie,F,1302,1
Lexi,F,1297,1
Ayla,F,1289,1
Alexia,F,1283,1
Diana,F,1283,1
Josie,F,1274,1
Juliet,F,1270,1
Addyson,F,1266,1
Allyson,F,1266,1
Delaney,F,1259,1
Rose,F,1245,1
Teagan,F,1243,1
Marley,F,1239,1
Amber,F,1231,1
Amanda,F,1228,1
Erin,F,1228,1
Kathryn,F,1226,1
Kayleigh,F,1224,1
Leslie,F,1219,1
Emilia,F,1211,1
Kelsey,F,1211,1
Kenzie,F,1203,1
Alina,F,1201,1
Kaydence,F,1196,1
Alicia,F,1195,1
Sabrina,F,1188,1
Alison,F,1182,1
Paris,F,1182,1
Lilliana,F,1175,1
Ashlynn,F,1174,1
Sierra,F,1161,1
Laura,F,1140,1
Cassidy,F,1135,1
Iris,F,1132,1
Alondra,F,1125,1
Christina,F,1121,1
Kyla,F,1114,1
Carly,F,1109,1
Jillian,F,1101,1
Madilyn,F,1098,1
Evangeline,F,1095,1
Cadence,F,1091,1
Madeleine,F,1091,1
Kyleigh,F,1089,1
Nina,F,1088,1
Nadia,F,1084,1
Lyric,F,1082,1
Raegan,F,1081,1
Giuliana,F,1072,1
Georgia,F,1065,1
Briana,F,1063,1
Elliana,F,1060,1
Phoebe,F,1059,1
Haylee,F,1058,1
Fatima,F,1057,1
Yaretzi,F,1057,1
Selena,F,1046,1
Charlie,F,1045,1
Miriam,F,1042,1
Abby,F,1036,1
Annabella,F,1036,1
Dakota,F,1035,1
Juliette,F,1032,1
Lilah,F,1031,1
Bianca,F,1027,1
Daniella,F,1027,1
Noelle,F,1026,1
Mariana,F,1024,1
Parker,F,1024,1
Veronica,F,1019,1
Gemma,F,1014,1
Cheyenne,F,1012,1
Marissa,F,1000,1
